s_m,m_shape,EI_Nm2,d_m
0.00,0.60,0.060,0.00090
2.00,0.70,0.055,0.00110
3.00,1.00,0.050,0.00130
5.00,1.00,0.050,0.00130
8.00,0.95,0.050,0.00128
9.00,0.70,0.045,0.00110
10.00,0.50,0.040,0.00100
